"country","sp_prop"
"AU",0.0046583850931677
"GB",0.00177619893428064
"US",0.0011441647597254
"ES",0.0016
